﻿Designator,Quantity,Value,Footprint,Package,MPN,DNP,Mount_Type,Description
"5V1, K1",2,TestPoint,TestPoint_THTPad_D1.0mm_Drill0.5mm,,,,[5V1]tht; [K1]smt,test point
C1,1,100n,C_0603_1608Metric_Pad1.08x0.95mm_HandSolder,,,,smt,Unpolarized capacitor
GND1,1,TestPoint_Alt,TestPoint_Pad_1.5x1.5mm_NO_SILK,,,,smt,test point (alternative shape)
J1,1,TestPoint,TestPoint_THTPad_D1.5mm_Drill0.7mm,,,,smt,test point
R1,1,1.5K,R_0603_1608Metric_Pad0.98x0.95mm_HandSolder,,,,smt,Resistor
R2,1,2.2K,R_0603_1608Metric_Pad0.98x0.95mm_HandSolder,,,,smt,Resistor
U1,1,PIC12F508-xSN,SOIC-8_3.9x4.9mm_P1.27mm,,,,smt,"PIC12F508, 512W Flash, 25B SRAM, SOIC-8"
